Type,NrFeat,Model,Feature,mean,Step.1,Step.2,Step.3,Step.4,Step.5,Step.6,Step.7,Step.8,Step.9,Step.10,Step.11,Step.12,Step.13,Step.14,Step.15,Step.16,Step.17,Step.18,Step.19,Step.20,Step.21,Step.22,Step.23,Step.24,Step.25,Step.26,Step.27,Step.28,Step.29,Step.30,Step.31,Step.32,Step.33,Step.34,Step.35,Step.36,Step.37,Step.38,Step.39,Step.40,Step.41,Step.42,Step.43,Step.44,Step.45,Step.46,Step.47,Step.48,Step.49,Step.50,Step.51,Step.52,Step.53,Step.54,Step.55,Step.56,Step.57,Step.58,Step.59,Step.60,Step.61,Step.62,Step.63,Step.64,Step.65,Step.66,Step.67,Step.68,Step.69,Step.70,Step.71,Step.72,Step.73,Step.74,Step.75,Step.76,Step.77,Step.78,Step.79,Step.80,Step.81,Step.82,Step.83,Step.84,Step.85,Step.86,Step.87,Step.88,Step.89,Step.90
Weight,16,1,phi.proc,NA,-0.01166515
Weight,16,1,phi.startTime,NA,0.003433387
Weight,16,1,phi.endTime,NA,-0.008231759
Weight,16,1,phi.jobOps,NA,-7.326063e-05
Weight,16,1,phi.arrival,NA,0.002436815
Weight,16,1,phi.totalProc,NA,-0.0004384228
Weight,16,1,phi.wait,NA,0.0009965726
Weight,16,1,phi.mac,NA,0.0008736325
Weight,16,1,phi.macOps,NA,-0.0001186062
Weight,16,1,phi.macFree,NA,-0.002165558
Weight,16,1,phi.makespan,NA,0.002708043
Weight,16,1,phi.slotReduced,NA,-0.0006299361
Weight,16,1,phi.slots,NA,0.003410129
Weight,16,1,phi.slotsTotal,NA,0.0006299361
Weight,16,1,phi.wrmMac,NA,-0.0001560671
Weight,16,1,phi.wrmJob,NA,0.003129661
Training.Accuracy,16,1,NA,74.79,63.88,63.47,63.42,63.69,65.44,65.61,67.89,68.27,68.43,68.44,69.3,68.27,70.96,72.49,69.74,69.81,71.55,72.02,70.79,70.95,69.3,67.92,70.03,72.58,70.36,71.96,75,75.04,76.22,73.17,72.1,72.6,75.6,76.98,72.92,75.56,77.39,76.67,77.1,77.44,73.12,71.69,70.82,74.55,74.32,74.95,74.76,74.86,74.51,77.71,70.77,73.31,70.9,73,70.89,72,75.29,75.3,75.81,80.1,74.64,72.22,72.36,77.52,77.12,79.1,82.05,84.34,77.58,84.08,75,77.78,77.78,69.57,75,80.56,79.17,76.47,84.15,87.5,42.86,85.71,100,70,93.75,90,73.33,96.3,100,96
Validation.Accuracy,16,1,NA,76,60.7,61.21,62.42,61.01,62.7,62.35,60.7,58.73,61.21,59.39,62.25,67.89,67.27,70.14,67.35,68.35,70.48,71.88,73.96,71.74,67.94,70.07,68.64,75.24,69.11,68.03,71.1,69.91,67.08,68.57,67.19,70.48,65.69,67.13,66.18,71.88,69.52,73.44,69.37,74.58,73.08,78.62,73.33,69.63,72.86,70.48,73.04,78.4,82.07,70.83,73.68,65.62,65,75,79.55,78.57,78.57,88.16,84.52,83.33,61.9,92.59,90.48,94.44,94.44,94.44,91.67,89.74,89.74,92.86,100,100,62.5,25,100,94.44,96.15,88.89,100,100,50,100,100,100,75,100,100,75,100