Type,NrFeat,Model,Feature,mean,Step.1,Step.2,Step.3,Step.4,Step.5,Step.6,Step.7,Step.8,Step.9,Step.10,Step.11,Step.12,Step.13,Step.14,Step.15,Step.16,Step.17,Step.18,Step.19,Step.20,Step.21,Step.22,Step.23,Step.24,Step.25,Step.26,Step.27,Step.28,Step.29,Step.30,Step.31,Step.32,Step.33,Step.34,Step.35,Step.36,Step.37,Step.38,Step.39,Step.40,Step.41,Step.42,Step.43,Step.44,Step.45,Step.46,Step.47,Step.48,Step.49,Step.50,Step.51,Step.52,Step.53,Step.54,Step.55,Step.56,Step.57,Step.58,Step.59,Step.60,Step.61,Step.62,Step.63,Step.64,Step.65,Step.66,Step.67,Step.68,Step.69,Step.70,Step.71,Step.72,Step.73,Step.74,Step.75,Step.76,Step.77,Step.78,Step.79,Step.80,Step.81,Step.82,Step.83,Step.84,Step.85,Step.86,Step.87,Step.88,Step.89,Step.90
Weight,16,1,phi.proc,NA,-0.01522461
Weight,16,1,phi.startTime,NA,0.004833186
Weight,16,1,phi.endTime,NA,-0.01039142
Weight,16,1,phi.jobOps,NA,-0.0001413654
Weight,16,1,phi.arrival,NA,0.003375002
Weight,16,1,phi.totalProc,NA,-0.0004136372
Weight,16,1,phi.wait,NA,0.001458184
Weight,16,1,phi.mac,NA,0.0002726318
Weight,16,1,phi.macOps,NA,-0.0001099449
Weight,16,1,phi.macFree,NA,-0.002263597
Weight,16,1,phi.makespan,NA,0.001867356
Weight,16,1,phi.slotReduced,NA,-0.0004485869
Weight,16,1,phi.slots,NA,0.003722317
Weight,16,1,phi.slotsTotal,NA,0.0004485869
Weight,16,1,phi.wrmMac,NA,6.80255e-05
Weight,16,1,phi.wrmJob,NA,0.003903069
Training.Accuracy,16,1,NA,76.4,70.02,68.73,69.95,69.56,70.87,69.45,72.35,72.85,73.07,73.31,73.46,72.07,72.5,75.2,73.44,72.6,74.75,76.08,74.88,74.98,72.56,72.3,72.85,74.17,73.31,73.46,76.62,76.51,77.22,76.31,74.16,74.25,77.19,76.47,73.77,76.26,77.1,78.22,78.75,77.86,74.62,73.29,72.99,76.62,74.05,74.58,75.43,76.41,77.14,78.1,71.9,74.36,72.38,74.2,72.33,71.82,75,75.55,76.11,80.8,74.31,73.23,74.22,80,78.21,82.16,83.25,86.6,80.92,86.19,75,76.47,77.78,69.57,75,79.17,79.17,76.47,85.37,87.5,42.86,85.71,100,70,87.5,90,73.33,92.59,100,96
Validation.Accuracy,16,1,NA,78,65.98,64.72,67.42,66.88,66.7,65.85,69.08,66.41,67.79,65.52,66.77,71.2,69.63,73.63,73.18,74.27,76.5,77.81,76.05,74.66,69.85,69.69,70.66,73.85,71.21,69.75,73.65,72.19,69.52,69.53,64.75,67.05,66.8,69.32,69.76,74.22,72.87,75.42,76.72,76.07,74.82,77.64,76.16,72.5,76.19,71.67,74.02,83.44,86.88,73.23,75.64,67.65,66.18,75,81.25,75,83.87,87.18,85.56,82.43,61.9,92.59,95.24,94.74,88.89,97.3,92,89.74,91.89,95.24,100,100,62.5,25,100,94.44,96.15,88.89,90,100,50,100,100,100,75,100,100,66.67,100