Type,NrFeat,Model,Feature,mean,Step.1,Step.2,Step.3,Step.4,Step.5,Step.6,Step.7,Step.8,Step.9,Step.10,Step.11,Step.12,Step.13,Step.14,Step.15,Step.16,Step.17,Step.18,Step.19,Step.20,Step.21,Step.22,Step.23,Step.24,Step.25,Step.26,Step.27,Step.28,Step.29,Step.30,Step.31,Step.32,Step.33,Step.34,Step.35,Step.36,Step.37,Step.38,Step.39,Step.40,Step.41,Step.42,Step.43,Step.44,Step.45,Step.46,Step.47,Step.48,Step.49,Step.50,Step.51,Step.52,Step.53,Step.54,Step.55,Step.56,Step.57,Step.58,Step.59,Step.60,Step.61,Step.62,Step.63,Step.64,Step.65,Step.66,Step.67,Step.68,Step.69,Step.70,Step.71,Step.72,Step.73,Step.74,Step.75,Step.76,Step.77,Step.78,Step.79,Step.80,Step.81,Step.82,Step.83,Step.84,Step.85,Step.86,Step.87,Step.88,Step.89,Step.90
Weight,16,1,phi.proc,NA,-0.01225658
Weight,16,1,phi.startTime,NA,0.003679351
Weight,16,1,phi.endTime,NA,-0.008577224
Weight,16,1,phi.jobOps,NA,-5.194913e-05
Weight,16,1,phi.arrival,NA,0.002625616
Weight,16,1,phi.totalProc,NA,-0.0005244818
Weight,16,1,phi.wait,NA,0.001053735
Weight,16,1,phi.mac,NA,0.001037864
Weight,16,1,phi.macOps,NA,-0.0001510325
Weight,16,1,phi.macFree,NA,-0.00181832
Weight,16,1,phi.makespan,NA,0.003775348
Weight,16,1,phi.slotReduced,NA,-0.0005314753
Weight,16,1,phi.slots,NA,0.003141567
Weight,16,1,phi.slotsTotal,NA,0.0005314753
Weight,16,1,phi.wrmMac,NA,-6.713946e-05
Weight,16,1,phi.wrmJob,NA,0.003200611
Training.Accuracy,16,1,NA,74.64,64.27,62.3,63.71,63.46,65.86,66.05,67.96,68.19,68.42,69.14,70.56,68.94,71.32,72.31,69.35,70.26,71.15,71.59,70.54,70.52,69.14,68.24,70.2,71.95,69.85,71.16,74.53,74.76,75.5,73.28,71.51,72.07,75.96,76.45,72.73,75.06,76.28,76.57,76.73,77.11,72.92,71.84,71.17,75.73,74.65,75.66,75.47,75.24,74.44,78.17,70.83,73.68,71.11,73.18,71.77,72,75.14,75.15,74.87,79.52,73.76,72.44,73.02,77.52,75.48,79.21,81.54,84.5,78.44,84.24,72.92,76.47,75,69.57,75,80.56,79.17,76.47,82.93,87.5,42.86,85.71,100,70,93.75,90,73.33,92.59,100,96
Validation.Accuracy,16,1,NA,76,60.72,60.03,62.98,63,64.34,64.34,62.69,60.54,63.11,60.81,64.81,67.53,67.25,70.66,70.51,70.73,73.79,75.57,74.56,73.47,68.94,69.75,69.85,74.25,69.87,68.38,70.52,70.87,66.95,68.75,67.24,68.44,65.32,66.39,66.81,70.37,70.43,72.63,71.62,74.79,75,78.06,73.94,71.72,75.36,71.43,73.04,78.4,82.14,70.73,74.36,66.18,65.62,75,80.43,76.92,80,88.16,85.23,83.33,61.9,92.59,90.48,94.44,94.44,94.44,91.67,92.31,88.89,95.24,100,100,62.5,25,100,94.44,96.15,88.89,100,100,50,100,100,100,75,100,100,66.67,100