Type,NrFeat,Model,Feature,mean,Step.1,Step.2,Step.3,Step.4,Step.5,Step.6,Step.7,Step.8,Step.9,Step.10,Step.11,Step.12,Step.13,Step.14,Step.15,Step.16,Step.17,Step.18,Step.19,Step.20,Step.21,Step.22,Step.23,Step.24,Step.25,Step.26,Step.27,Step.28,Step.29,Step.30,Step.31,Step.32,Step.33,Step.34,Step.35,Step.36,Step.37,Step.38,Step.39,Step.40,Step.41,Step.42,Step.43,Step.44,Step.45,Step.46,Step.47,Step.48,Step.49,Step.50,Step.51,Step.52,Step.53,Step.54,Step.55,Step.56,Step.57,Step.58,Step.59,Step.60,Step.61,Step.62,Step.63,Step.64,Step.65,Step.66,Step.67,Step.68,Step.69,Step.70,Step.71,Step.72,Step.73,Step.74,Step.75,Step.76,Step.77,Step.78,Step.79,Step.80,Step.81,Step.82,Step.83,Step.84,Step.85,Step.86,Step.87,Step.88,Step.89,Step.90
Weight,16,1,phi.proc,NA,-0.01362323
Weight,16,1,phi.startTime,NA,0.004297447
Weight,16,1,phi.endTime,NA,-0.009325784
Weight,16,1,phi.arrival,NA,0.002853015
Weight,16,1,phi.wait,NA,0.001444432
Weight,16,1,phi.macFree,NA,-0.004021343
Weight,16,1,phi.makespan,NA,0.001574773
Weight,16,1,phi.reducedSlack,NA,-0.0004659637
Weight,16,1,phi.macSlack,NA,0.005464638
Weight,16,1,phi.allSlack,NA,0.0004659637
Weight,16,1,phi.jobOps,NA,-0.0001388622
Weight,16,1,phi.macOps,NA,-0.0002021978
Weight,16,1,phi.jobWrm,NA,0.003320152
Weight,16,1,phi.macWrm,NA,-0.002021397
Weight,16,1,phi.jobTotProcTime,NA,-2.654708e-06
Weight,16,1,phi.macTotProcTime,NA,0.002115854
Training.Accuracy,16,1,NA,75.42,69.45,68.31,69.58,69.19,69.98,69.11,71.36,71.18,71.51,71.84,72.31,71.47,71.42,73.53,72.26,70.83,73.48,74.06,73.08,73.23,71.73,71.3,71.38,72.18,72.5,72.14,75.08,75.17,74.58,75.06,73.31,72.9,76.43,75.46,72.72,75.09,74.98,76.36,76.59,75.15,72.6,72.62,72.82,75.52,72.85,73.74,73.72,74.21,75.36,77.66,72.14,74.14,72.54,72.62,72.81,72.25,74.24,74.08,74.36,79.79,74.15,73.23,74.62,77.44,77.36,80.73,82.41,84.86,78.21,83.41,75,73.53,77.78,69.57,75,79.45,78.08,76.81,83.33,87.61,42.86,85.71,100,70,87.5,90,73.33,92.59,100,96
Validation.Accuracy,16,1,NA,77,65.7,65.38,67.82,66.43,65.76,65.38,67.31,65.28,67.02,64.95,65.55,69.72,68.49,73.31,71.87,73.08,75.2,76.3,75,73.64,68.93,68.07,69.27,74.12,70.38,69.81,73.27,70.82,70.24,68.4,65.2,67.68,66,69.52,69.02,73.23,71.7,72.69,74.82,75.68,75,77.91,74.68,72.12,76.67,72,73.28,81.48,82.84,73.85,75.64,67.65,65.71,75,81.63,75,82.54,86.08,84.62,81.33,61.9,92.59,90.48,95,94.44,94.74,92.31,89.74,89.47,95.24,100,100,62.5,25,100,94.44,96.15,88.89,90,100,50,100,100,100,75,100,100,66.67,100