Type,NrFeat,Model,Feature,mean,Step.1,Step.2,Step.3,Step.4,Step.5,Step.6,Step.7,Step.8,Step.9,Step.10,Step.11,Step.12,Step.13,Step.14,Step.15,Step.16,Step.17,Step.18,Step.19,Step.20,Step.21,Step.22,Step.23,Step.24,Step.25,Step.26,Step.27,Step.28,Step.29,Step.30,Step.31,Step.32,Step.33,Step.34,Step.35,Step.36,Step.37,Step.38,Step.39,Step.40,Step.41,Step.42,Step.43,Step.44,Step.45,Step.46,Step.47,Step.48,Step.49,Step.50,Step.51,Step.52,Step.53,Step.54,Step.55,Step.56,Step.57,Step.58,Step.59,Step.60,Step.61,Step.62,Step.63,Step.64,Step.65,Step.66,Step.67,Step.68,Step.69,Step.70,Step.71,Step.72,Step.73,Step.74,Step.75,Step.76,Step.77,Step.78,Step.79,Step.80,Step.81,Step.82,Step.83,Step.84,Step.85,Step.86,Step.87,Step.88,Step.89,Step.90
Weight,16,1,phi.proc,NA,-0.01215045
Weight,16,1,phi.startTime,NA,0.003608207
Weight,16,1,phi.endTime,NA,-0.008542244
Weight,16,1,phi.jobOps,NA,-3.101491e-05
Weight,16,1,phi.arrival,NA,0.002557195
Weight,16,1,phi.totalProc,NA,-0.0004342813
Weight,16,1,phi.wait,NA,0.001051013
Weight,16,1,phi.mac,NA,0.001234494
Weight,16,1,phi.macOps,NA,-0.0001490734
Weight,16,1,phi.macFree,NA,-0.001863271
Weight,16,1,phi.makespan,NA,0.003326821
Weight,16,1,phi.slotReduced,NA,-0.0005910503
Weight,16,1,phi.slots,NA,0.003233875
Weight,16,1,phi.slotsTotal,NA,0.0005910503
Weight,16,1,phi.wrmMac,NA,-9.806647e-05
Weight,16,1,phi.wrmJob,NA,0.003148793
Training.Accuracy,16,1,NA,74.67,64.35,62.26,63.75,63.71,65.9,66.01,67.92,68.06,68.38,68.97,70.4,68.84,71.26,72.31,69.46,70.37,71.1,71.48,70.72,70.46,69.14,68.16,70.44,72.28,70.02,71.33,74.6,75.06,75.75,73.28,71.51,72.42,76.2,76.71,72.97,74.94,76.16,76.33,76.73,76.74,72.71,71.4,71.17,75.73,74.44,75.66,75.28,74.67,74.44,78.35,71.21,73.68,71.11,73.18,71.77,72,75.14,75.15,74.87,79.52,73.76,72.44,73.02,77.52,75.48,79.21,82.05,84.5,78.44,84.24,75,76.47,75,69.57,75,80.56,79.17,76.47,82.93,87.5,42.86,85.71,100,70,93.75,90,73.33,92.59,100,96
Validation.Accuracy,16,1,NA,76,60.9,60.36,62.82,63.16,64.51,64.34,62.86,60.37,62.79,60.99,64.81,67.32,66.86,70.46,70.09,70.26,73.57,75.11,73.9,72.77,68.94,69.75,69.85,74.25,70.53,68.66,71.07,71.13,66.67,68.44,66.81,68.44,65.32,65.98,66.81,70.37,70,72.63,71.62,74.79,75,78.06,73.94,71.03,75.36,71.43,72.17,77.6,81.43,69.92,73.08,66.18,65.62,75,80.43,76.92,80,88.16,85.23,83.33,61.9,92.59,90.48,94.44,94.44,94.44,91.67,89.74,88.89,95.24,100,100,62.5,25,100,94.44,96.15,88.89,100,100,50,100,100,100,75,100,100,66.67,100