Type,NrFeat,Model,Feature,mean,Step.1,Step.2,Step.3,Step.4,Step.5,Step.6,Step.7,Step.8,Step.9,Step.10,Step.11,Step.12,Step.13,Step.14,Step.15,Step.16,Step.17,Step.18,Step.19,Step.20,Step.21,Step.22,Step.23,Step.24,Step.25,Step.26,Step.27,Step.28,Step.29,Step.30,Step.31,Step.32,Step.33,Step.34,Step.35,Step.36,Step.37,Step.38,Step.39,Step.40,Step.41,Step.42,Step.43,Step.44,Step.45,Step.46,Step.47,Step.48,Step.49,Step.50,Step.51,Step.52,Step.53,Step.54,Step.55,Step.56,Step.57,Step.58,Step.59,Step.60,Step.61,Step.62,Step.63,Step.64,Step.65,Step.66,Step.67,Step.68,Step.69,Step.70,Step.71,Step.72,Step.73,Step.74,Step.75,Step.76,Step.77,Step.78,Step.79,Step.80,Step.81,Step.82,Step.83,Step.84,Step.85,Step.86,Step.87,Step.88,Step.89,Step.90
Weight,16,1,phi.proc,NA,-0.0149109
Weight,16,1,phi.startTime,NA,0.004845595
Weight,16,1,phi.endTime,NA,-0.01006531
Weight,16,1,phi.jobOps,NA,-9.650772e-05
Weight,16,1,phi.arrival,NA,0.003202758
Weight,16,1,phi.totalProc,NA,-0.0002432922
Weight,16,1,phi.wait,NA,0.001642837
Weight,16,1,phi.mac,NA,0.0005192785
Weight,16,1,phi.macOps,NA,-0.000195154
Weight,16,1,phi.macFree,NA,-0.00206547
Weight,16,1,phi.makespan,NA,0.001791036
Weight,16,1,phi.slotReduced,NA,-0.0004461988
Weight,16,1,phi.slots,NA,0.003539355
Weight,16,1,phi.slotsTotal,NA,0.0004461988
Weight,16,1,phi.wrmMac,NA,8.126709e-05
Weight,16,1,phi.wrmJob,NA,0.003539296
Training.Accuracy,16,1,NA,75.44,69.47,68.33,69.6,69.08,70.02,69.16,71.4,71.25,71.46,71.87,72.31,71.54,71.39,73.61,72.23,70.83,73.51,74.03,73.04,73.16,71.63,71.19,71.44,72.01,72.44,71.96,75.08,75.28,74.52,75,73.22,72.8,76.12,75.24,72.91,75.09,75.17,76.63,76.78,75.25,72.6,72.62,72.82,75.69,72.85,73.92,73.55,74.21,75.22,77.81,72.14,74.14,72.2,72.62,72.51,71.97,74.24,74.35,74.13,79.79,74.83,73.23,74.62,78.2,77.36,80.73,82.91,84.86,78.77,83.41,75,73.53,77.78,69.57,75,79.45,78.08,76.81,83.33,87.61,42.86,85.71,100,70,87.5,90,73.33,92.59,100,96
Validation.Accuracy,16,1,NA,77,65.7,65.29,67.82,66.51,65.76,65.38,67.31,65.37,67.02,65.05,65.69,69.87,68.62,73.58,71.87,73.38,75.2,76.01,74.85,73.48,68.93,68.32,69.5,74.12,70.38,69.81,73.05,71.04,70.24,68.4,65.2,67.3,66,69.14,69.8,73.23,71.32,72.69,74.82,75.68,75,77.91,75.97,71.52,76,70.4,72.52,80.86,82.25,72.31,74.36,67.65,65.71,73.08,81.63,75,82.54,86.08,83.52,81.33,61.9,92.59,95.24,95,88.89,94.74,92.31,92.31,89.47,95.24,100,100,62.5,25,100,94.44,96.15,88.89,90,100,50,100,100,100,75,100,100,66.67,100