Type,NrFeat,Model,Feature,mean,Step.1,Step.2,Step.3,Step.4,Step.5,Step.6,Step.7,Step.8,Step.9,Step.10,Step.11,Step.12,Step.13,Step.14,Step.15,Step.16,Step.17,Step.18,Step.19,Step.20,Step.21,Step.22,Step.23,Step.24,Step.25,Step.26,Step.27,Step.28,Step.29,Step.30,Step.31,Step.32,Step.33,Step.34,Step.35,Step.36,Step.37,Step.38,Step.39,Step.40,Step.41,Step.42,Step.43,Step.44,Step.45,Step.46,Step.47,Step.48,Step.49,Step.50,Step.51,Step.52,Step.53,Step.54,Step.55,Step.56,Step.57,Step.58,Step.59,Step.60,Step.61,Step.62,Step.63,Step.64,Step.65,Step.66,Step.67,Step.68,Step.69,Step.70,Step.71,Step.72,Step.73,Step.74,Step.75,Step.76,Step.77,Step.78,Step.79,Step.80,Step.81,Step.82,Step.83,Step.84,Step.85,Step.86,Step.87,Step.88,Step.89,Step.90
Weight,16,1,phi.proc,NA,-0.01176681
Weight,16,1,phi.startTime,NA,0.003495185
Weight,16,1,phi.endTime,NA,-0.00827162
Weight,16,1,phi.jobOps,NA,-5.431271e-05
Weight,16,1,phi.arrival,NA,0.002516078
Weight,16,1,phi.totalProc,NA,-0.0006547953
Weight,16,1,phi.wait,NA,0.0009791075
Weight,16,1,phi.mac,NA,0.0008593735
Weight,16,1,phi.macOps,NA,-0.0001143956
Weight,16,1,phi.macFree,NA,-0.002003264
Weight,16,1,phi.makespan,NA,0.002500125
Weight,16,1,phi.slotReduced,NA,-0.000680283
Weight,16,1,phi.slots,NA,0.003293657
Weight,16,1,phi.slotsTotal,NA,0.000680283
Weight,16,1,phi.wrmMac,NA,-0.0001949355
Weight,16,1,phi.wrmJob,NA,0.003325125
Training.Accuracy,16,1,NA,74.79,64.37,63.77,63.62,63.69,65.55,65.51,67.79,68.42,68.53,68.54,69.3,68.1,70.64,72.42,69.49,69.56,71.42,72.02,71.05,70.88,69.3,68.01,70.11,72.67,70.62,71.87,74.92,75.12,76.13,73.17,72.22,72.85,75.87,77.54,73.05,75.06,77.26,76.42,76.97,77.31,73.12,71.91,71.06,74.75,74.32,75.16,75.34,75.05,74.87,77.9,71.15,73.65,70.9,73,71.23,72.33,75.29,75.3,75.81,80.1,74.64,72.22,72.36,77.52,76.47,79.1,82.05,84.34,77.58,84.08,75,77.78,77.78,69.57,75,80.56,79.17,76.47,84.15,87.5,42.86,85.71,100,70,93.75,90,73.33,92.59,100,96
Validation.Accuracy,16,1,NA,76,60.49,61.21,62.22,60.62,62.7,62.35,60.7,58.53,60.81,59.19,62,67.65,67.27,70.14,67.35,68.09,70.48,71.35,73.44,71.47,67.6,69.73,68.29,74.92,69.11,68.03,70.76,69.3,66.77,68.21,66.67,70.48,65.69,67.13,66.18,71.88,69.52,73.44,69.82,74.58,73.08,78.62,73.33,70.37,72.14,69.52,73.04,78.4,82.07,70.83,73.68,65.62,65,75,79.55,78.57,78.57,88.16,84.52,83.33,61.9,92.59,90.48,94.44,94.44,94.44,91.67,89.74,89.74,92.86,100,100,62.5,25,100,94.44,96.15,88.89,100,100,50,100,100,100,75,100,100,75,100