Type,NrFeat,Model,Feature,mean,Step.1,Step.2,Step.3,Step.4,Step.5,Step.6,Step.7,Step.8,Step.9,Step.10,Step.11,Step.12,Step.13,Step.14,Step.15,Step.16,Step.17,Step.18,Step.19,Step.20,Step.21,Step.22,Step.23,Step.24,Step.25,Step.26,Step.27,Step.28,Step.29,Step.30,Step.31,Step.32,Step.33,Step.34,Step.35,Step.36,Step.37,Step.38,Step.39,Step.40,Step.41,Step.42,Step.43,Step.44,Step.45,Step.46,Step.47,Step.48,Step.49,Step.50,Step.51,Step.52,Step.53,Step.54,Step.55,Step.56,Step.57,Step.58,Step.59,Step.60,Step.61,Step.62,Step.63,Step.64,Step.65,Step.66,Step.67,Step.68,Step.69,Step.70,Step.71,Step.72,Step.73,Step.74,Step.75,Step.76,Step.77,Step.78,Step.79,Step.80,Step.81,Step.82,Step.83,Step.84,Step.85,Step.86,Step.87,Step.88,Step.89,Step.90
Weight,16,1,phi.proc,NA,-0.01526865
Weight,16,1,phi.startTime,NA,0.00482118
Weight,16,1,phi.endTime,NA,-0.01044747
Weight,16,1,phi.jobOps,NA,-0.0001073892
Weight,16,1,phi.arrival,NA,0.003372936
Weight,16,1,phi.totalProc,NA,-0.0003773003
Weight,16,1,phi.wait,NA,0.001448243
Weight,16,1,phi.mac,NA,0.0001859696
Weight,16,1,phi.macOps,NA,-0.0001326958
Weight,16,1,phi.macFree,NA,-0.002219031
Weight,16,1,phi.makespan,NA,0.002075401
Weight,16,1,phi.slotReduced,NA,-0.0004337404
Weight,16,1,phi.slots,NA,0.003673792
Weight,16,1,phi.slotsTotal,NA,0.0004337404
Weight,16,1,phi.wrmMac,NA,8.583424e-06
Weight,16,1,phi.wrmJob,NA,0.003882667
Training.Accuracy,16,1,NA,76.43,69.92,68.78,69.97,69.76,70.97,69.68,72.53,72.9,73.1,73.41,73.57,72.14,72.53,75.16,73.48,72.64,74.79,76.12,74.8,75.02,72.56,72.35,72.91,74.11,73.18,73.4,76.68,76.45,77.22,76.44,74.26,74.65,77.29,76.7,73.67,76.36,77.31,78.32,78.85,77.96,74.62,73.29,72.99,76.62,74.23,74.58,75.26,76.58,77.14,78.26,72.26,74.36,72.38,74.52,72.33,71.82,75,75.55,75.86,80.8,74.31,73.23,74.22,80,78.21,82.16,83.25,86.12,80.92,86.19,75,76.47,77.78,69.57,75,79.17,79.17,76.47,85.37,87.5,42.86,85.71,100,70,87.5,90,73.33,92.59,100,96
Validation.Accuracy,16,1,NA,78,65.98,64.63,67.22,66.79,66.7,65.85,69.18,66.5,67.79,65.52,66.77,71.36,69.77,73.63,73.03,74.1,76.33,77.65,75.89,74.31,69.85,69.69,70.66,73.61,71.21,69.75,73.18,71.74,69.28,69.79,64.75,67.05,66.8,69.32,69.35,74.61,72.87,75.42,76.34,76.43,74.82,77.64,76.16,73.12,76.19,71.67,74.02,83.44,86.88,74.02,75.64,67.65,66.18,75,81.25,76.92,83.87,87.18,85.56,82.43,61.9,92.59,95.24,94.74,88.89,97.3,92,89.74,91.89,95.24,100,100,62.5,25,100,94.44,96.15,88.89,90,100,50,100,100,100,75,100,100,66.67,100