Type,NrFeat,Model,Feature,mean,Step.1,Step.2,Step.3,Step.4,Step.5,Step.6,Step.7,Step.8,Step.9,Step.10,Step.11,Step.12,Step.13,Step.14,Step.15,Step.16,Step.17,Step.18,Step.19,Step.20,Step.21,Step.22,Step.23,Step.24,Step.25,Step.26,Step.27,Step.28,Step.29,Step.30
Weight,14,1,phi.proc,NA,-0.0546796060699492,0.012309706138571639,-0.0054940482134638166,-0.0075346489065138567,0.043242434530602294,0.031368381625634122,-0.040699417627429395,-0.038371679281293473,-0.021311953202162889,-0.0099800028709172636,-0.026967086446616325,-0.0037342304825580029,-0.034834223211055004,-0.0021071566858661918,0.054465033760456721,0.028886798666042268,0.031027233882823205,-0.068981108460190649,-0.0060423293705883039,-0.034281111991430309,0.031329929731204437,-0.010345008256020749,-0.0079102915747128657,-0.065881117494008185,-0.042807044781869412,-0.021519245926537613,-0.0060686216625360136,-0.035104573961637263,0.077264049157094561,0.00039035419030430566
