Type,NrFeat,Model,Feature,mean,Step.1,Step.2,Step.3,Step.4,Step.5,Step.6,Step.7,Step.8,Step.9,Step.10,Step.11,Step.12,Step.13,Step.14,Step.15,Step.16,Step.17,Step.18,Step.19,Step.20,Step.21,Step.22,Step.23,Step.24,Step.25,Step.26,Step.27,Step.28,Step.29,Step.30
Weight,14,1,phi.proc,NA,-0.069070143416484112,-0.097176128746811252,0.015525953969623474,-0.012991213289762757,-0.017702481128157442,-0.07941592194519774,0.0020161554489436075,-0.04827210194592961,-0.030476049669440418,-0.035307580686503443,-0.017457889411385857,0.10173401825854289,-0.023332730626435712,-0.064307896640587531,0.0020832454724370717,-0.026994033798719171,-0.0247738001221759,0.011340775126974631,-0.023192275221270861,-0.06663345477228097,-0.058003069799618355,-0.064272313347413165,0.002737841405711565,0.030930790471729537,-0.035135535767415536,0.014186278553192707,-0.018042139877102483,0.025899051791779978,-0.027192711457237829,0.0016546062584921685
