Type,NrFeat,Model,Feature,mean,Step.1,Step.2,Step.3,Step.4,Step.5,Step.6,Step.7,Step.8,Step.9,Step.10,Step.11,Step.12,Step.13,Step.14,Step.15,Step.16,Step.17,Step.18,Step.19,Step.20,Step.21,Step.22,Step.23,Step.24,Step.25,Step.26,Step.27,Step.28,Step.29,Step.30
Weight,14,1,phi.proc,NA,-0.046204788228934091,-0.065842252020710215,0.022943472158522635,0.06764088739815094,0.043856496939701686,0.032491525250165104,0.062666511655595863,0.042975954403295553,-0.037441537541967114,-0.06414405190105496,0.0079455497221468732,-0.01819481365040769,0.068497489669761782,-0.0305036855065421,0.037194921482616009,-0.053565429275580209,0.040804592317666248,0.038144572050085854,-0.073137702518849032,0.034110297172891768,0.029872027650163738,0.0055517367615299656,-0.099090058268719153,0.0738946386253703,0.015799221876190574,-0.045215091966457933,-0.050657594012736146,-0.036182594477246144,0.021824359498514915,-0.0055303591906291447
