Type,NrFeat,Model,Feature,mean,Step.1,Step.2,Step.3,Step.4,Step.5,Step.6,Step.7,Step.8,Step.9,Step.10,Step.11,Step.12,Step.13,Step.14,Step.15,Step.16,Step.17,Step.18,Step.19,Step.20,Step.21,Step.22,Step.23,Step.24,Step.25,Step.26,Step.27,Step.28,Step.29,Step.30
Weight,14,1,phi.proc,NA,-0.0705878092764447,-0.043795246178137716,0.0031078433250081357,-0.013112740159655197,-0.07827598600294787,-0.045559659055106089,0.04162178733505429,0.028198803298031146,-0.025759429630369458,-0.025979164602892027,-0.0081365785515731467,-0.013593913805793417,-0.0060991168272692521,-0.010150262404385074,-0.079562146525949839,-0.068933109317937585,-0.016887038671606038,-0.041165919667700175,-0.042696649557447168,-0.0769312661001424,0.016327692896410322,0.0046225228112023783,-0.054965736817697966,0.0259909001669356,-0.0398171745710274,-0.038168271565684468,-0.0065658193068840248,-0.05526229817930764,0.051293115578986186,-0.014966507393294958
