Type,NrFeat,Model,Feature,mean,Step.1,Step.2,Step.3,Step.4,Step.5,Step.6,Step.7,Step.8,Step.9,Step.10,Step.11,Step.12,Step.13,Step.14,Step.15,Step.16,Step.17,Step.18,Step.19,Step.20,Step.21,Step.22,Step.23,Step.24,Step.25,Step.26,Step.27,Step.28,Step.29,Step.30
Weight,14,1,phi.proc,NA,-0.081093882305560985,-0.043226060874648184,-0.023981874780924756,-0.051803588742543,-0.049557817296355992,-0.0025477025322211974,0.014836499396896867,-0.062114096524269975,-0.033457123784151416,-0.0678777243436632,-0.00797694398331568,-0.021019779501397027,0.00898463454275844,-0.024302659606215138,-0.035444108064416377,-0.015544201618278373,-0.026542329321493422,0.011301746604374283,-0.049357335333163561,-0.035467153088657853,-0.0053345409037770294,-0.0020558233937833887,0.030889805972061118,0.00022671226245768688,-0.049829397436819196,-0.032174582538409706,0.0124031826467815,-0.069112168700683291,-0.089956823134879738,-0.042477559543712629
