Type,NrFeat,Model,Feature,mean,Step.1,Step.2,Step.3,Step.4,Step.5,Step.6,Step.7,Step.8,Step.9,Step.10,Step.11,Step.12,Step.13,Step.14,Step.15,Step.16,Step.17,Step.18,Step.19,Step.20,Step.21,Step.22,Step.23,Step.24,Step.25,Step.26,Step.27,Step.28,Step.29,Step.30
Weight,14,1,phi.proc,NA,-0.14335823555044855,-0.054112240292524157,-0.026389959267740386,0.055255000537606805,0.0508275407934339,-0.022331528353130615,-0.0087834205097856947,-0.0209291804983807,0.041061399211181467,0.0096201979103808545,0.032824349633557584,-0.12084886508201612,-0.020689405700907777,0.076126724650199637,-0.0019280070157896522,-0.014984016953742891,0.02502157456930117,0.013146302327140596,-0.13356213653621282,-0.02460978697222993,0.018118351264318686,0.032086257745002005,-0.00063398321130326033,0.000810476855962657,-0.047362390807180133,-0.0045199201901087076,-0.015053140314333083,0.014138028294302957,0.045656790774364922,0.030859061621703245
