Type,NrFeat,Model,Feature,mean,Step.1,Step.2,Step.3,Step.4,Step.5,Step.6,Step.7,Step.8,Step.9,Step.10,Step.11,Step.12,Step.13,Step.14,Step.15,Step.16,Step.17,Step.18,Step.19,Step.20,Step.21,Step.22,Step.23,Step.24,Step.25,Step.26,Step.27,Step.28,Step.29,Step.30
Weight,14,1,phi.proc,NA,-0.037017455970202708,-0.0073737601669893686,0.021897994173724816,0.029715520809961916,-0.076846246673659,-0.021051848449996077,-0.015159656125401062,0.11085335182079754,0.067617484670434547,-0.091649516030938391,-0.0021727633803985086,-0.04681155978538877,0.018888063882142526,-0.0030221997153238806,-0.052654345607663425,-0.0062549889561489625,0.038666382309876235,-0.016414085596773643,0.04534629976123538,-0.037425839764881647,-0.071697929667331253,0.014319089291644032,0.020419977578455803,-0.013410965004310734,-0.041208003606063977,-0.013474520981128203,-0.013142520362352304,0.02114479110910595,0.020444741160846276,0.0012460134333679737
