Type,NrFeat,Model,Feature,mean,Step.1,Step.2,Step.3,Step.4,Step.5,Step.6,Step.7,Step.8,Step.9,Step.10,Step.11,Step.12,Step.13,Step.14,Step.15,Step.16,Step.17,Step.18,Step.19,Step.20,Step.21,Step.22,Step.23,Step.24,Step.25,Step.26,Step.27,Step.28,Step.29,Step.30
Weight,14,1,phi.proc,NA,-0.053226107958675613,-0.038025039808326465,-0.00027632927809993654,-0.035340826957334232,-0.0023760629015374527,-0.045895303860191278,-0.030073339241060437,0.030568870647409627,0.0034625836863922533,0.067186172116106821,-0.029243918841225038,-0.03318673707948476,-0.059664869943515463,-0.018821704138955002,-0.10136721202431556,0.0089299219360847084,-0.034655402428859582,-0.003046405432100528,-0.015824287291966787,-0.012967258638674451,-0.016659079938801589,0.043720942926757253,-0.040599929541231893,-0.0010588700205743239,0.021405344594007274,0.0704722709460111,0.068366499526025915,0.072773852567773342,-0.023809459467160548,-0.048584762694429462
