Type,NrFeat,Model,Feature,mean,Step.1,Step.2,Step.3,Step.4,Step.5,Step.6,Step.7,Step.8,Step.9,Step.10,Step.11,Step.12,Step.13,Step.14,Step.15,Step.16,Step.17,Step.18,Step.19,Step.20,Step.21,Step.22,Step.23,Step.24,Step.25,Step.26,Step.27,Step.28,Step.29,Step.30
Weight,14,1,phi.proc,NA,-0.0935928393852927,0.0018357664202777689,-0.0252146449051032,-0.0043455390350831489,-0.0041318374463284674,-0.0035717074562783861,0.015202013377394548,-0.031558099088238506,-0.019089391439435655,0.061559342341216357,0.04356488079848151,0.010657197734265369,0.022684329022212853,0.019232604255576519,-0.03494848942839418,-0.022333387852097958,0.015002348417118928,-0.00063414807156719831,-0.095583201947493576,-0.0090083089886986382,0.044408436837176185,-0.0877668439119924,-0.0231229766461005,0.032516598792638796,0.011811034754817757,0.074264910123866268,-0.060429571627893267,0.03896745837304838,-0.08454621573606988,0.051981819580070206
