Type,NrFeat,Model,Feature,mean,Step.1,Step.2,Step.3,Step.4,Step.5,Step.6,Step.7,Step.8,Step.9,Step.10,Step.11,Step.12,Step.13,Step.14,Step.15,Step.16,Step.17,Step.18,Step.19,Step.20,Step.21,Step.22,Step.23,Step.24,Step.25,Step.26,Step.27,Step.28,Step.29,Step.30
Weight,14,1,phi.proc,NA,0.0004858181017041296,0.037021629789851171,0.048542792542907283,-0.042233975013065583,-0.026302361487397341,-0.048886798447797669,0.037052684456156372,-0.033511196081872245,-0.026577853465431067,-0.016246376749950147,-0.0024119193696031842,-0.037662678314280627,-0.081076274164909548,-0.0020165201071121173,0.042827539940454379,-0.058487475839480253,-0.046172161192971267,0.019162426079502481,-0.032282121826532888,0.081957488254924216,0.011346043283986473,-0.038802566098520563,-0.033967262547917869,-0.11389531094395881,0.051177476881549951,0.029278118424765413,-0.067360249574067874,-0.041699789846358713,0.01874779854827972,-0.003833600876645713
