Type,NrFeat,Model,Feature,mean,Step.1,Step.2,Step.3,Step.4,Step.5,Step.6,Step.7,Step.8,Step.9,Step.10,Step.11,Step.12,Step.13,Step.14,Step.15,Step.16,Step.17,Step.18,Step.19,Step.20,Step.21,Step.22,Step.23,Step.24,Step.25,Step.26,Step.27,Step.28,Step.29,Step.30
Weight,14,1,phi.proc,NA,-0.0468047512562962,0.055677817481100955,-0.041038267378976985,-0.052174005377126832,0.040442535784952632,0.0908372865353576,0.036680587637264388,-0.015202014229384941,0.00056401336638382707,-0.02212955655972099,0.043538714919581473,0.051234051508640174,0.020073176284294659,-0.020651553277638592,0.038798059167260604,-0.0727464106988746,0.064092610258529067,0.062432674361935947,-0.022415715710137944,0.033348680751245585,-0.10584934163472684,-0.01971633116451867,0.002444497446277576,0.0658444348921185,-0.0095924758467904169,-0.016326514342073387,0.096277585017375572,0.11118098338833579,0.0055970497228621423,0.060462658734333485
