Type,NrFeat,Model,Feature,mean,Step.1,Step.2,Step.3,Step.4,Step.5,Step.6,Step.7,Step.8,Step.9,Step.10,Step.11,Step.12,Step.13,Step.14,Step.15,Step.16,Step.17,Step.18,Step.19,Step.20,Step.21,Step.22,Step.23,Step.24,Step.25,Step.26,Step.27,Step.28,Step.29,Step.30
Weight,14,1,phi.proc,NA,-0.040866005009368385,0.020703142515977803,-0.0047792605086521929,0.020291922076945412,0.061675085400854521,-0.073139897252139138,0.071220580054737762,0.048282535167056349,0.0024545008358764636,-0.036526025754209344,-0.019449255533199327,-0.018955481091799755,0.018320400873234152,-0.019239540289676782,0.0047454923017920163,-0.032578126919116566,0.039916762486423389,-0.040747166751061763,-0.058478052226988084,-0.07119672204261808,-0.017527524992230693,0.018943925150551925,0.051918597241077794,0.0090604270054009846,0.022022812097512244,-0.031962458293898252,0.028652303339502243,-0.00081543779470417044,-0.025900256889963013,0.025240937490264886
