Type,NrFeat,Model,Feature,mean,Step.1,Step.2,Step.3,Step.4,Step.5,Step.6,Step.7,Step.8,Step.9,Step.10,Step.11,Step.12,Step.13,Step.14,Step.15,Step.16,Step.17,Step.18,Step.19,Step.20,Step.21,Step.22,Step.23,Step.24,Step.25,Step.26,Step.27,Step.28,Step.29,Step.30
Weight,14,1,phi.proc,NA,-0.0677635276876944,-0.012939448160521942,-0.031508417953959013,-0.027185455748508013,0.051200311188959992,-0.067261705009398529,0.017752262694080895,-0.032458220562017151,-0.0083249239421632013,0.041712092064967031,0.028172237075871229,0.083318238877124084,-0.068009749689973864,-0.083397237146803582,0.020161109394187225,-0.013344973086548246,0.0074124849538787195,0.023211451571019608,0.00022559265275195193,-0.00081256455019029794,0.00793772697991953,-0.077038778959216958,-0.059664672946353609,-0.014448260732325965,-0.045457630605707421,-0.036561665266844123,0.082239695353578959,0.037899096006281323,0.0748878399672701,-0.015634018297045405
