Type,NrFeat,Model,Feature,mean,Step.1,Step.2,Step.3,Step.4,Step.5,Step.6,Step.7,Step.8,Step.9,Step.10,Step.11,Step.12,Step.13,Step.14,Step.15,Step.16,Step.17,Step.18,Step.19,Step.20,Step.21,Step.22,Step.23,Step.24,Step.25,Step.26,Step.27,Step.28,Step.29,Step.30
Weight,14,1,phi.proc,NA,-0.06931919921126127,-0.089135547336477439,-0.05622465320321085,0.029184163551622223,-0.0018760753085998,-0.061122925220134516,0.040367946158061448,-0.019905251686448956,0.043944181661348974,-0.043020138559426324,0.03695330390874034,-0.048439862192919438,-0.024976217008511995,0.022372433740124108,-0.041641191830683988,-0.043235795406126237,0.032194701209457811,-0.0046151697996070305,0.0566922186920017,0.043726921962958562,0.077143112170781181,0.031194879096913725,-0.078061207714465425,0.049830456532459086,0.0032819362125868843,0.048917550460570676,-0.023111065431125004,0.027649204734779761,0.035295734321732671,-0.013237408215046639
