Type,NrFeat,Model,Feature,mean,Step.1,Step.2,Step.3,Step.4,Step.5,Step.6,Step.7,Step.8,Step.9,Step.10,Step.11,Step.12,Step.13,Step.14,Step.15,Step.16,Step.17,Step.18,Step.19,Step.20,Step.21,Step.22,Step.23,Step.24,Step.25,Step.26,Step.27,Step.28,Step.29,Step.30
Weight,14,1,phi.proc,NA,-0.016596416398136353,-0.015588947916366109,0.0012888414644251711,-0.00017067158167156707,0.031410646444959472,-0.0047248712038061892,-0.057271364227269063,-0.031435166727780746,-0.060877608319278395,-0.10767865437227316,-0.0032880740218041811,-0.076663894497396759,-0.0046027569482129669,-0.07535737334506469,-0.024916263848381106,-0.015336317964010193,-0.07616855647907414,0.046262987952154347,0.030583785340887414,-0.01988599247146336,-0.025828750080706231,0.035730014640575014,0.00056420227958513757,-0.042088377477338394,-0.094616666933113477,-0.01439397848149335,0.025436340837586526,-0.037546740116594916,-0.021568357275244254,0.028419465977910393
