Type,NrFeat,Model,Feature,mean,Step.1,Step.2,Step.3,Step.4,Step.5,Step.6,Step.7,Step.8,Step.9,Step.10,Step.11,Step.12,Step.13,Step.14,Step.15,Step.16,Step.17,Step.18,Step.19,Step.20,Step.21,Step.22,Step.23,Step.24,Step.25,Step.26,Step.27,Step.28,Step.29,Step.30
Weight,14,1,phi.proc,NA,-0.099719873630873423,0.051599659636662229,-0.05703848659257043,-0.026098663274260078,0.060475323135570351,0.034280165867972209,-0.012792167710348424,0.015539175058189697,-0.038021725974618378,0.059876829802965388,0.054753532959490848,-0.085951110155535151,-0.0035488355614308052,-0.056104763398580337,-0.0072539817829248045,0.075404470845504154,0.047637181497891319,0.0018105453949698164,0.00071497570402530742,0.070978795191458874,-0.02222548591145982,-0.0783190652584297,-0.0062840436623255221,-0.029678736779798688,-0.0504685387305587,-0.011129121470872524,0.063581647877012815,-0.012872823712145704,0.045695475895527721,0.015631321964107648
