Type,NrFeat,Model,Feature,mean,Step.1,Step.2,Step.3,Step.4,Step.5,Step.6,Step.7,Step.8,Step.9,Step.10,Step.11,Step.12,Step.13,Step.14,Step.15,Step.16,Step.17,Step.18,Step.19,Step.20,Step.21,Step.22,Step.23,Step.24,Step.25,Step.26,Step.27,Step.28,Step.29,Step.30
Weight,14,1,phi.proc,NA,-0.018094838661324206,-0.032165368556772871,0.014643225730680302,-0.06056114605070119,-0.003063908667111787,-0.014735498695519714,0.016054966799917889,0.01005693837864602,-0.043949479076609441,0.026924095353607118,-0.0626201281575178,-0.053500784340959937,-0.026996139016516055,-0.023027140493384227,-0.0745805206618352,0.00099155783929764517,-0.0056164127148635038,-0.0013148989513783462,-0.047689168499326293,-0.072146890121758067,-0.0056198813043582549,0.014283444502059416,-0.00909136514093087,-0.0054875487700593983,-0.040383273767298472,0.018310794849135704,0.041729025906871012,-0.023505772440622262,0.080332678650145123,-0.027371498337287557
