Type,NrFeat,Model,Feature,mean,Step.1,Step.2,Step.3,Step.4,Step.5,Step.6,Step.7,Step.8,Step.9,Step.10,Step.11,Step.12,Step.13,Step.14,Step.15,Step.16,Step.17,Step.18,Step.19,Step.20,Step.21,Step.22,Step.23,Step.24,Step.25,Step.26,Step.27,Step.28,Step.29,Step.30
Weight,14,1,phi.proc,NA,-0.058099998361966547,-0.027206698200547576,0.021633348021748666,0.0061636171932888265,0.030506400959523127,-0.023926985718811789,-0.072411522660402544,0.023114871369402129,-0.032757190497235293,0.011486149268763292,-0.018058652372883139,0.048232624398168049,-0.025391399081788418,0.023744632090895165,-0.0784657638086781,-0.037437532310572758,0.061090008388650446,-0.054193378601955583,-0.0036689732420503648,0.02273671803519137,-0.072600438151576588,-0.039215928993611718,0.030187358113626554,-0.011232890772962559,-0.06606532179456806,-0.003287680810301198,-0.00081692692719977111,-0.034437537881299114,0.022537477115963031,0.021159955860770237
