Type,NrFeat,Model,Feature,mean,Step.1,Step.2,Step.3,Step.4,Step.5,Step.6,Step.7,Step.8,Step.9,Step.10,Step.11,Step.12,Step.13,Step.14,Step.15,Step.16,Step.17,Step.18,Step.19,Step.20,Step.21,Step.22,Step.23,Step.24,Step.25,Step.26,Step.27,Step.28,Step.29,Step.30
Weight,14,1,phi.proc,NA,-0.011578744766616246,-0.076165375635860427,0.055497806647082815,-0.032960757255204434,0.059113506797739974,-0.13958298885491027,-0.011782832853708899,0.041526312690889182,-0.064716644876659263,-0.054133314494180018,-0.070160137587034876,0.02707686392564226,0.0251322713743525,-0.05161429465992657,0.017484000986503132,0.053183020068584316,-0.01738200226315963,-0.016462685898134717,-0.01294384048260103,-0.07606718803914439,0.033690327805837805,-0.014538600149065009,0.037414201340246818,0.01837018677399499,0.074184185704945962,-0.00547617330692243,-0.00632302541674432,0.015896636985923033,-0.030184050482946749,0.072683656467218652
