Type,NrFeat,Model,Feature,mean,Step.1,Step.2,Step.3,Step.4,Step.5,Step.6,Step.7,Step.8,Step.9,Step.10,Step.11,Step.12,Step.13,Step.14,Step.15,Step.16,Step.17,Step.18,Step.19,Step.20,Step.21,Step.22,Step.23,Step.24,Step.25,Step.26,Step.27,Step.28,Step.29,Step.30
Weight,14,1,phi.proc,NA,-0.046147889405778131,0.020419770109292287,0.00024145577689279409,0.037114429820242267,-0.0702611184539077,0.020027107909063747,0.026033176803465636,0.0097032703523125437,0.09666058610253854,-0.060673941442092573,0.054257810608344295,-0.028526098391360579,0.0012656451270094322,0.11412736808085196,0.052895116839510987,-0.024961350773965281,0.035924887062832415,-0.0469099700240961,-0.063026162719418952,0.010906269772426922,0.036175228784858848,-0.009073521527861032,-0.039954852968890585,-0.020584512891601382,-0.008022178002121523,-0.054772956408995835,0.012788371375427278,-0.028021509920190764,0.049565122503263045,-0.018661605268375125
